user_id,name,age,country
39177454-7aa7-4506-bb56-01759123c8a9,Mrs. Gina Lynn DDS,36,Kuwait
e2250dda-6c82-4322-9eda-be6221c6e2d4,Marie Pacheco,49,New Caledonia
8cca0060-64f1-4259-ad6a-a65a3b0aac38,Christopher Smith,34,Belarus
83c25373-2969-42d8-af47-6b407fd15fbf,Kevin Walker,43,Fiji
cc010e24-91e8-4619-afd3-51d98c8e9951,Mitchell Beard,63,Christmas Island
872549ab-d2ba-40a0-b841-ebec389ae333,Ethan Bird,56,Liberia
ce47fc0c-8b10-41cf-bf5f-cc01260de055,Amy Richards,33,Canada
08677a8f-d3f7-4166-b0f4-469d831b9984,Dr. Donna Pope,68,Croatia
3aa1a480-dfa1-4f04-bbf2-3872a23f19bf,Jessica Cole,47,Bangladesh
e217673a-4897-4b29-9d59-265c34fa0598,Melissa Vega,69,Bolivia
589b2519-8373-49b8-892f-d685598bdf70,Troy Davis,30,Madagascar
e0fa138e-d383-4e52-af0b-bb66eb365b0f,Lisa Williams,62,Saudi Arabia
dfcdf04e-2f2f-40ec-bbfb-58c0e6f7ae25,Paul Hansen,29,United Arab Emirates
52c7c684-532e-4100-8f46-111ea6031e0c,Kathryn Coleman,49,South Georgia and the South Sandwich Islands
c4f085ac-5daa-4831-84d3-8969e83b1a73,Shawn Wheeler,66,Belize
95127c73-cc4c-4746-9ab6-67f3fe7ccc8d,Belinda Thomas,47,China
658c732a-f296-434f-9a94-923acc58651e,Erica Franklin,20,Korea
00892b9f-a78a-41c8-b255-0d005de73173,Matthew Freeman,65,Netherlands
307eeda5-517c-4c96-a0f7-8bdd82410f85,Nicole Cox,65,Tajikistan
f7452991-eaaf-4cc8-9609-adca0566052a,Joshua Marks,44,Guam
8cf600b4-377c-4965-a65b-f48cb9e2592b,James Brown,30,Wallis and Futuna
faaeb940-8ff4-4a02-9b9a-991c0a43fc74,Jessica Bowen,51,Andorra
4fe4f9d6-3587-42e6-b39b-9d06dbd7468c,Evelyn Ward,36,Malaysia
a3889474-333a-4e92-87d4-3400aa8416e6,Joshua Jones,62,Switzerland
de031f16-55e4-4558-bcc0-56abaaf28f56,Amber Howard,45,Heard Island and McDonald Islands
fd87a4ee-40d1-487b-9d4c-e1271fa30dc2,Timothy Sanders,24,Nicaragua
af147bf1-f8f4-463f-a7fe-b33344a75be2,Juan Miller,37,Lesotho
fd45b897-8459-4edb-aaa9-0a9d979b882b,Karen Green,35,French Guiana
92e7f9e9-46bf-4887-b2f9-5268ca0bcfcd,Tanya Allen,28,American Samoa
457aac07-e639-45bb-8c05-99806af05d29,Sandra Marks,27,Andorra
57512a43-7bce-4bf5-98c6-c37c94e2f966,Paul Frederick,66,Northern Mariana Islands
acc89db0-2449-4976-959c-13ca9764f6a7,Wayne Davis,31,Denmark
ac40f340-23ea-4f84-b8de-2951aaec0cb2,Brooke Lewis,37,Sweden
e18bce2a-27df-4299-afec-d96668127de4,Tony Sanchez,26,Ukraine
210fc774-a768-476b-a487-02846a252b2c,Justin Monroe,28,Tanzania
cb4b4151-87cd-475d-a7e6-ca530829c4d4,Travis Vaughan,40,Djibouti
71958720-2236-4739-a11f-cc20515fae47,Elizabeth Solis,31,Switzerland
7f56561b-6850-4d94-92c9-e4a952945009,Mr. Daniel Austin,54,Russian Federation
cc175a1f-53fa-4823-b7c3-837bf60224e4,Gregory Patel,55,Northern Mariana Islands
eb21b592-5eee-4a78-8713-75601f23846d,John Norman,69,Libyan Arab Jamahiriya
3d7d5a02-9c1e-478f-a70c-5d5966afe60f,Kelly Foster,28,Estonia
82fcfcb8-a993-4ab4-9aaa-f1406282e876,Jacqueline Lopez,21,Uzbekistan
34d60052-4ed0-4796-87cf-44026ad2f293,Jill Watkins,24,Cyprus
102acd4a-eecd-48b6-9b97-a954ae73809d,Duane Crawford,26,United States of America
bb99fe29-8586-4ceb-9e53-e7e069cd24b8,Jason Thompson,34,Morocco
7fd9cce3-f9ac-423e-a5a3-ad5312613da9,Michael Taylor,54,Macao
988a7b8e-dc81-4acb-9079-a5f40af1cb56,Mrs. Donna Frost,36,British Indian Ocean Territory (Chagos Archipelago)
81147c48-f0e2-46c5-b7d2-7b5f8805b8f9,Rachel Valenzuela,36,Turkey
33ea2b7e-37c5-4fe9-8414-0924ec57d4e0,William Brewer,29,Saint Lucia
dbf49197-c0cb-45f4-a83f-c85727720d82,Brandi Fox,21,Nicaragua
ead3293e-bdfb-4da7-8af3-ae6e61f97a02,Michael Contreras,35,Sri Lanka
a60bba59-945b-4f6b-a2f9-3b231c8aa696,Jerry Lindsey,54,Cocos (Keeling) Islands
28e15e73-6332-479a-a915-efac2c61c6f8,Ashley Duran,41,Ethiopia
0f5c766e-e8ea-424b-8e59-25693f723c9e,Heather Lewis,24,United Arab Emirates
76605eaf-e740-4df7-9f0b-01fcda38a8a5,Tony Hall,44,Norway
685a4b32-cb90-42cc-9f46-a30f1f9296e2,Maria Cunningham,34,Croatia
cced9bc1-2259-4cb5-aea8-545c94b67285,Scott Chavez,39,Jamaica
b818e53d-5388-4186-a850-c568991d9df7,Maria Mays,63,Uruguay
bdf78b64-f4e8-4f00-963c-e8029040503f,Nicholas Thomas,56,Zimbabwe
66208f66-6ce9-41f0-9cad-046fae8651ba,Daniel Johnson,53,Nauru
6ea20f4f-89e1-4588-8199-6145aa238e53,Sarah Nielsen,51,Puerto Rico
3efd8db5-2803-41fd-b98c-a2102e5ff56d,Jessica Harris,58,Christmas Island
3869e342-f8c1-4ee5-b38a-4eb3efd81b67,Benjamin Edwards,34,New Zealand
871d65dc-9e1c-4b16-8346-d9f24d7a3ac2,Phillip Lewis,24,Sri Lanka
4e36b830-949f-4129-bba0-4eec58e33935,April Villarreal,53,Northern Mariana Islands
a51e50b9-3de4-425f-93ad-eb340b99d8bd,Jacqueline King,53,Wallis and Futuna
f0e36860-d466-4287-a389-41986a94b798,Billy Bryant,69,Indonesia
11af20b8-b080-499a-8c24-5dfcbd6055c7,Eric Lee,21,British Indian Ocean Territory (Chagos Archipelago)
00b66edd-447a-464e-a02e-f90a0db50428,Erin Smith,19,Paraguay
0593f597-b0e7-452f-820f-b256679ed911,Kenneth Pittman,39,Sudan
806ec149-0a32-4aa7-82ef-12936e71281f,Darren White,64,Central African Republic
8fd3d24a-df82-4190-812a-62566a0f84aa,Maria Obrien,45,French Southern Territories
f1c4eff9-5e06-4e7d-a8e9-17012ad4341f,Anthony Mitchell,56,Isle of Man
a30d8a22-2c37-4a3e-95c1-7de3d7315a8f,Gary Valencia,48,Latvia
5b3257d9-1910-4182-a604-52465f7bc4d3,Michael Bailey,68,Guadeloupe
0b050242-3d91-4e50-ad48-7d88aaa3ea65,Sherri Contreras,38,Equatorial Guinea
5f82e697-8359-410e-9611-d6d8ddecdf22,Andrew Hart,60,Suriname
b921df2f-5d76-4178-b5c8-eaf0369e7d96,Richard Schwartz,55,Montenegro
d467c86b-e0d8-4742-bdb5-fc928ba0c161,Stephanie Cabrera,69,Somalia
d76b4cb9-bcbe-4f13-bfae-b3c62ed57a8a,Christopher Carroll,32,Dominica
454cf486-3401-4663-b1ee-6748855b7426,Breanna Garcia,25,Guernsey
5f88d6f7-52f1-4342-a704-c9a2a572e0a5,Terri Ramirez,45,Fiji
7426496e-9ee1-4209-a7ea-9202c6a50df1,Matthew Mckenzie,44,Luxembourg
039e9fd3-c102-4691-99cd-f82d1b5012cc,Richard Stewart,60,Western Sahara
d2c9fb9d-1faf-472d-b702-4854a7b2bd0b,Patrick King,23,Egypt
717302b1-863c-4a72-aa83-3f0cc28edf0b,Deborah Hayes,55,San Marino
c64ce2fe-c0d8-4a38-bf55-985c2b2ee78f,Kenneth Wallace,34,Bahamas
ea8f2e28-5bad-4a18-a540-1ed747e61c53,James Barton,67,Comoros
2a11e29c-aed2-4073-9e4e-c1afe468246e,Ryan Porter,52,Bolivia
232ca2a7-e273-4f93-ab10-afb43e71ae02,Kimberly White,40,Chad
71419c2c-bcfa-4c3b-88ab-5abc489837c5,Victor Harris,64,Congo
ce74a356-bec9-4f5e-b113-950ec66f70c8,Abigail Allen,69,Sweden
0db2920a-d3fe-4343-9684-7516ec5ab679,Jessica Johnson,27,Trinidad and Tobago
5be159c2-cddb-4ca4-b970-3dc30cfb3e9c,Lori Arias MD,20,Cocos (Keeling) Islands
be3d805a-f926-4b8b-9b2e-43fd7d39e1e1,Jamie Webster,18,Argentina
377a178c-9eee-4c83-ac24-0ae0084e006b,Curtis Diaz,26,Nauru
c128703c-d2e7-436a-b344-1a19f9988907,Becky Green,42,New Zealand
41a3ad80-ad25-4945-a5ed-a6a702a712c9,Dominic Vasquez,70,Saint Vincent and the Grenadines
75fb7b5a-2acb-4690-85a5-e5fac763cc00,Bradley Brown,41,Slovakia (Slovak Republic)
98dbc9c8-96a6-48df-9f91-b3d8771a59de,Monique Wilson,69,Antigua and Barbuda
dd566c96-a687-4e4f-b54b-ea16df129293,Elizabeth Gardner,19,Yemen
68c4b939-75eb-4f46-9c55-5ec56bb085fa,Lindsey Smith,41,Zambia
58018869-7141-462e-a51e-7da4b4f544f4,Robert Rivers,69,Zimbabwe
9c7d3653-8c6e-428b-8a9a-0881eb66e272,Kyle Carter,39,Bulgaria
43646b7d-979e-4324-b669-f421057f706d,Laura Tucker,51,Korea
553305d9-f7e6-40a8-8c1c-18f41812bac7,Donna Hill,55,Estonia
a02f7743-6b20-475e-b931-0d4d6a8a5bf3,Meghan Roy,69,Cayman Islands
bb832d9c-83ec-4bfa-af87-a4f6fe88fefe,Amanda Miller,55,United States Minor Outlying Islands
5b89d3dc-b079-4fce-a880-c7b31a2949f3,Patricia Scott,43,Uganda
61a445cd-1cd7-493e-9abc-717a318a379a,Jason Nguyen,52,Swaziland
60898ae3-bb19-43a7-bdcd-352993a0c444,Garrett Jones,63,Namibia
88b569ed-3811-4f90-bb8e-2f240b718920,Lucas Jackson,25,Bahrain
cb436960-2c3d-4492-96fc-928c0340c3f5,Eric Bowman,24,Bouvet Island (Bouvetoya)
36680eef-30ab-432f-ac5e-8f4eac851432,Erika Flores,57,Belgium
c0500534-c78b-4f9f-b1a1-40dc5faecb10,Jason Torres,53,Mongolia
784d48e7-7d35-41c6-be16-4d56e7ccae06,Gregory Peterson,30,Western Sahara
9fbeea23-e481-4b25-b03d-19b742dcdd9d,Roberto Williams,31,Australia
404c0c7e-7ad6-44f4-ba58-862b5d7c0841,Matthew Rodriguez,38,Sweden
846e3b0d-7b75-4c06-b9a6-703951700ab6,Michele Molina,59,Bosnia and Herzegovina
2a019cef-fba0-47d6-a7be-622fb656e338,Scott Pacheco,53,Australia
b1091284-34dc-4e75-a0dc-6be011b97aa9,Lisa Garcia,43,Peru
c05837d6-1407-4d92-b3b1-4797cc24f6f5,Brittany Ramsey,27,Guernsey
8737f163-9825-473b-be4e-b9018f895fd5,Ronald Wilson,20,Ukraine
cd73c61a-34a1-4e4e-997b-cfe9c0a5a61f,Kimberly Hess,23,Mongolia
bba30ca2-da68-4862-a867-765c31d8666c,Natalie Pope,20,Mali
aedbfef1-7e2d-433a-a4b9-5919960e001f,Robert Ford,58,French Polynesia
f4944fc1-21df-40ef-bca0-2f3bff76f2ba,Troy Cummings,40,Saint Helena
d9f06ba2-2a53-41c7-a563-71a012267c0c,Taylor Morgan,31,Japan
f365b72a-7d54-4b44-be91-ea74a0373722,Brittany Miller,44,Bouvet Island (Bouvetoya)
99804415-c5d1-49af-a3fb-87148d706cbe,Mr. Stanley Jones,54,New Caledonia
dc46adc8-19ce-41f5-9d16-5e0546f24c79,Dominic Smith,62,Chile
ab648b9f-a984-4c07-9e9f-48f78e5f99f4,Travis Jacobson,59,Liberia
71474b50-f5e8-42b3-aa6d-a0b1224dbc11,Gerald Wilson,25,Philippines
05173965-7a30-4eef-8d97-6624da2019a4,Tanya Melton,44,Austria
4c65b20b-bd6c-41d6-90c5-8270a4e6eee5,Stacey Hill,31,Dominican Republic
cb67ab3a-88f6-41d6-a90e-88a8895bdc3a,Sarah Yang,39,Mali
6cd1104a-aff0-4435-9899-2a48b9fa216a,Paige Kelly,23,Nigeria
93e7e760-a9c8-43b9-a191-69701ad46fba,Jennifer Oconnor,24,Guinea-Bissau
73c51796-8a88-47ad-8736-8f1bfb273276,Ms. Anna Conner,64,Christmas Island
6673f77a-f464-449c-805a-7a40c1e72463,Briana Luna,66,United States of America
ca9aec14-0d5d-4e7a-b85a-fedc3fdcaa7d,Erica Davidson,68,New Caledonia
5b4540a8-26b9-4cb2-9721-dc6b18c6e530,John Baker,26,Belize
a8cfdcb7-7442-4342-8f86-4ea914fa16df,Robin Schultz,35,Cyprus
32f829ef-8376-4d09-a391-495804b87d74,Anne Fuller,33,Norway
9a7593b0-84d4-4a63-8b9e-76c8334dfc33,Michael Shah,60,China
b01eebf6-b88a-41d9-b28c-f2483945c8e6,John Clark,65,Greenland
1ed9b3c2-40df-47fb-bd2a-1227c7154084,Sean Cameron,28,Paraguay
c9630bf8-008e-4dee-b364-ec17a6d7b90b,Debra Wilson,31,Antarctica (the territory South of 60 deg S)
59e054de-c67c-4201-a5a8-63378f5ca782,William Harrison,42,Somalia
dd54b28a-c445-4eab-9045-dd49db75be32,Luke Jackson,45,Northern Mariana Islands
d3764388-f4e0-4cfe-badc-dc8ba27b9afe,Kimberly Sanders,30,Honduras
7047dc44-5a3b-41b6-99ae-084e4d097674,William Wilkinson,31,Saudi Arabia
301d90ee-8ff8-43a7-9163-6eee57f121d6,Yolanda Howard,18,Tajikistan
c55a6b90-eca5-4ec8-9603-d06e5e049469,Christopher Adkins,51,Vietnam
8533f0cb-5938-4196-b8e5-517ed2a58707,Patrick Miller,35,Northern Mariana Islands
e0f60ad3-f0c5-4480-a689-e6d302582329,Jennifer Lane,44,Denmark
befaa1dd-48c4-40d7-a796-75cd6dd8dda0,Kevin Ramirez,63,Tunisia
79924066-96f2-42be-ba12-de2ce80dbd7d,Jerome Cook,68,Namibia
ef2dfcb8-57d9-455c-b562-28975bb4462a,Karina Foster,31,Saint Lucia
3969ca69-74ee-4cc8-aa5a-0c241b38c29d,Patricia Robinson,50,Morocco
dc6e1399-59e7-4a67-b92e-6948c3d6f808,Amanda Fisher,24,Albania
8d803782-bbda-4dd3-ab12-bca56c681145,Elizabeth Knox,69,Turkey
aa26fa62-8506-4915-b984-2fd33937e9f2,Brian Banks,66,India
a42577af-c72b-4afd-bd59-2454bebc6311,Diamond Mcdaniel,57,Madagascar
7eca99f1-5815-4b11-bb67-ff60261c17dd,Regina Washington,41,Macedonia
59587c89-4de9-4241-9a11-0f1860f2ca74,Aaron Johnson,58,Zambia
36520614-8954-413f-ac33-3ddb5e1650cc,Kenneth Allen,39,Yemen
88b2f4cf-68da-4c5a-9891-ce0e913bdda1,Chad Stewart,34,Guernsey
68d46ae0-2487-45a7-81c5-abd8b0b435f7,Julie Hart,50,Iceland
d2a0029b-833c-4bd1-867e-5b2f08742943,Rebecca Dominguez,32,Nicaragua
1562ceff-23e2-4dd4-aeb6-32abed532753,Brian Schroeder,49,Botswana
e59f26ac-54c6-425d-99fc-52f5b640fd7f,Donald Adams,55,United Arab Emirates
330b1b66-50a1-4da4-b7d2-d8370839c3c8,Joshua Patterson,31,Uzbekistan
65cf3a1b-2971-4b28-bf67-00163addd745,Jill Foley,54,Namibia
01380530-6fc2-45d7-afd1-97af79586626,Kari Lang,21,New Caledonia
1a502f54-3990-4d0f-8767-17b9dba9663d,Veronica Cooper,54,Austria
9c6fd88c-4488-4b4c-a524-17ff61c55593,Joseph Carter,60,Wallis and Futuna
67d09329-5b1b-4fbf-bcda-46a11e9eb7a3,Shane Walsh,24,Saint Lucia
5efa2327-6461-4291-b76a-cc0e4f6417fa,Robert Schmidt,34,Honduras
93be2b2e-1828-4bf6-bb74-5e9206efd0ec,Sandra Patterson,45,Togo
915453bb-5d07-401b-a162-a1a49dda67a4,Dr. Emily Buckley MD,59,Samoa
95929c4b-a414-4903-b802-6826e77529e4,Tyler Smith,24,French Guiana
a31b3e40-2f6a-4996-8869-878ba374e418,Sheila Taylor,68,Senegal
152126c1-3fa8-4cd3-9268-5646a3fbdc8b,Joel Smith,20,Romania
1ec860e8-196f-47c0-bff3-5aa94f288572,Steven Giles,24,Romania
de3474de-5918-471f-9c81-4d6313b07fa4,Casey Johnson,38,Comoros
691377e9-1686-421f-918c-edd0084f0479,Selena Bridges,39,Israel
ca7f5309-f571-4147-9d21-a3e7b71a86d9,Alexis Wall,25,Mauritania
35190e5f-883a-4dc4-a1f5-f3ee012e1a8b,Robert Ortiz,57,China
b331fe0b-5771-4181-a7b8-8419bb6080ed,Christina Bender,36,New Caledonia
0e97bfbc-0801-45d6-b6b0-93af15c77390,Earl Hayes,24,Madagascar
cd258515-b1c4-417f-bca4-d2becb48c37a,Christopher Skinner,33,Jordan
972477b1-ed11-4397-a8f8-c26fcedd1048,Kristen Roth,68,Uzbekistan
dde04ecd-6895-4a29-8b62-bb53b78e60a1,Tammy Smith,37,Hungary
e49548dd-682e-4e2d-b72e-43759c0bf1cd,Douglas Stephens,68,United States of America
fe34a1fe-2c92-46f9-860e-07379cab5524,Deborah Nicholson,54,Saint Helena
f462a457-636c-4e8f-adb5-3e1141d6865a,Mary Henderson,22,Guinea
fcef6d80-39bf-4bd4-978f-6da916c8c0ab,Erin Williams,24,Saudi Arabia
b698d730-76e1-42c5-b3f8-6251e5373567,Lisa Hunter,43,Cayman Islands
cc798d63-5972-4f83-8960-ac38446f8653,Mr. William Fowler Jr.,48,Morocco
4a36f92c-fc5d-4476-b585-64d2203f6383,Steven Kennedy,27,Iraq
89e0e94b-3d18-445e-bad9-cc2fb4d2cdcf,Amber Hernandez,38,Gibraltar
01c7e6d5-7770-4abb-89ea-f5383e4ac8da,Jason Lynch,32,Spain
536197c0-7c81-4b08-95c2-2963c048bbbc,Matthew Garcia,26,Guam
d7d638bf-30fd-4a82-8856-2f062523a947,Ashley Arnold,33,Palau
81459ed1-7b3b-466d-86f6-1efd2f0129d5,Andrew Christian,26,Bahrain
7991a686-e31f-4740-ac89-f5d02714f208,Eric Peterson,20,Israel
0145885c-50db-4685-bcdd-5b5564922126,Holly Austin,63,Tajikistan
570fc8b5-2f5d-4968-9936-f02bb7ea95b3,Susan Smith,54,Grenada
cceefc68-d64f-4b68-aacc-b03b82e36170,Bryan Fisher,21,French Guiana
0436b400-4109-4f8a-ade8-be6f3c086548,Richard Stanley,47,Germany
94bb5bfe-e683-45cd-bf62-0af90d44ba2d,Christopher Sanchez,48,Guinea-Bissau
7471696d-0fbc-4cb8-9082-fa6467986add,Cassandra Reed,53,Sweden
03642ad0-ccd9-44e1-8661-12a536189424,Michael Brown,53,Eritrea
03ad322b-4ef6-45e8-b20a-b71c1f2f996a,Kristen Freeman,33,Dominica
390a82ad-1e8d-489d-a071-2a5d6ec2c5b8,David Holt MD,45,Puerto Rico
fec6f7de-ec1c-4cdd-8e11-859ccc7f4bcd,Angela Huynh,33,Bahrain
51fc65c4-a739-43ce-b495-0fcacae8b124,Steven Jones,31,Romania
34c4f9a8-e584-48a7-9057-53aff7712892,Sharon Kirby,57,Liberia
cae7ad4b-d41f-4ff0-970a-fdb4909f9e62,Toni Reed MD,70,Micronesia
b903894c-c0c7-487c-8917-d276d9528bee,Jack Glenn,24,Greece
540418b4-9692-46b8-949c-00194e3120d5,Paul Reid,39,Swaziland
e3a9bff3-217b-4e30-8578-802ed8dfd9c9,Melissa Smith,29,Azerbaijan
f4ee4945-eaa1-4e95-a457-3bbfa3dcef1a,Andrew Allen,63,Mexico
fbf34450-7f23-42f4-984c-8858f6aa0230,David Avila,36,Puerto Rico
5e347f64-d913-438e-b15b-184f3c3c1a34,Johnathan Hudson,24,Eritrea
778908a0-5067-4e15-8507-92c1a4af1f31,David Davis,46,Sudan
2d754e86-ec17-4b4d-93ec-57b58ac3e03d,Tracy Wade,46,Malawi
3b0d925b-8281-43f6-a1c4-4c55841c67fa,James Stewart,30,Liberia
014ed90c-d776-4f6d-8a88-dbebb5e0e83f,Curtis Burns,59,Comoros
43ad815a-4a49-4a2c-86f6-84f0948a8357,Theresa Jones,48,Mayotte
c86ee4ad-cf75-4dc4-8a62-a1f6724d5cd8,Abigail Griffin,34,Montenegro
2026d655-d664-42df-9668-31f3d552ed3e,Glenn Gallagher,68,Malta
2fe9a9c7-b683-444c-bb96-dc7116508330,Adam Aguirre,48,Eritrea
33057b73-9e90-4151-ad2d-d9aefa98dfe4,Taylor Kennedy,30,Guinea
b6344604-7678-4b36-b76d-4a39222e098d,Kyle Carter,69,Seychelles
fd67c33f-4d9b-4ff6-a09c-5e38b98bae46,Heather Crawford,46,Sao Tome and Principe
63c7c0bd-bcb1-4cfd-b6db-4b40e7c3ce23,Scott Kim,60,Korea
7c44f871-ef2f-4625-812d-b1eb773ad476,Bonnie Robinson,28,Saint Vincent and the Grenadines
d8cfb910-eb37-4e27-8b4d-c8162a003927,Alyssa Woods,56,Estonia
92d00c2d-c5b7-45b5-9979-4d180dcc3345,Lisa Moore,31,Turkey
9898937f-2b3b-4501-b524-70c88131fc08,Mary Baker,54,Czech Republic
7a2ca8de-104f-433e-8f14-ea4360512bda,Carolyn Lee,43,United Kingdom
26246cff-c9f5-4c87-952e-4dab76ece6d8,Mark Lee,40,Brazil
45262a44-9c3f-4f00-b841-248fd132d550,Mary Coleman,45,Bermuda
ff509dc2-e7f8-4ac5-af0c-7323b4a24be2,Carrie Murphy,34,United States Virgin Islands
ffd395ee-7020-4099-80ad-2c2970b50734,David Marshall,42,Somalia
4cbde17a-ea96-4c9e-97c2-ea3966da68cb,Jason Walker,28,Vietnam
e9e78059-b066-49ef-b672-87a4b9eeacde,Shane Anderson,26,Andorra
f215eb46-4032-4d52-9985-39e7a3c6553f,Christina Gonzalez,64,Norfolk Island
cd114a3c-7928-4734-822e-8aa08f56a660,Jorge Murphy,56,Fiji
e47ca1d3-39a5-4255-8d20-dc2d0ac1a786,Jordan Rice,52,Ghana
7a0239c4-878a-4cde-9a72-5ee86f45c13e,Monica Horton,49,Saint Martin
a1b98f03-5f76-4fc0-9fdc-d96343a84c22,Luis Wiggins,25,Saint Kitts and Nevis
77939a85-3f7e-4204-ac68-5d8046fcffab,Barbara Stone,69,Saint Martin
2fdeaaa7-2c94-4c7b-9d8b-77870c8af7fe,Sarah Lewis,33,Australia
b91d1e51-719b-454e-a54c-a262e7d4ba02,Erin Gonzalez,56,Papua New Guinea
11d2555f-f7be-4a4e-9f5d-8f21f31b10d6,Mark Burke,40,Belgium
d51b394e-f96b-47cf-838c-0409ca85c349,William Cooper PhD,61,Mali
a19214e8-1880-4d68-9353-472d18ced556,Jasmine Foster,54,Uzbekistan
f491d9c6-8362-4fc1-a820-22550a9f31a9,Lisa Holt,35,Aruba
0fe17cad-086d-43bc-97df-161650c5483b,Meghan Henderson,18,Bangladesh
b6ac57f4-96ca-4cbc-aa39-46755b60f5fc,Nicholas Phillips,37,Israel
5a0f954e-a715-4a9d-9e2c-3e6ec49f4310,Shane Rice,46,Venezuela
51425bca-afd8-4504-bba1-43c259b7dc18,Rebecca Ray,31,Guadeloupe
d41ffa04-6d4a-4a51-bcb2-c7578cffcc3a,Raymond Taylor,43,Turkey
052e283f-64b4-434d-9b85-4a87ed84ead5,Jared Padilla,32,Iceland
21e8d4d2-e6d3-4340-96b8-c005756532b6,Jennifer Jones,36,Mayotte
5c570d48-c995-4978-8954-dbee30a18cfe,Sonya Gardner,55,Indonesia
bb21aa15-641d-472d-b88b-212ac288a08e,Suzanne Clay,38,Greenland
5e58fa8f-b1b5-4458-86bb-c745d289b31d,Jordan Copeland,19,Tajikistan
486c1235-6a32-4675-9715-50bd1202d020,Michael Payne,41,Mayotte
c700bdbd-3c24-492f-b1a4-43379c99bcfa,Brianna Patrick,70,Suriname
21cb7bea-c5e1-4ccf-b036-bc7f9e272855,William Bowman,20,Yemen
7d79b28b-77fb-427e-a458-a232470b4071,Lisa Miller,45,Bahrain
2d22a583-2ffb-45bc-9294-82478aa3041d,Alexis Brady,64,Bangladesh
c9d9e6e0-9064-4dae-ba8b-857a4f098d56,Keith Roberts,66,Falkland Islands (Malvinas)
261224e9-3be7-48dc-95d7-75eb8292dc49,Jonathan Richardson,19,Guernsey
8dfd001f-e9f3-4c13-b56e-934db82c2a38,Amanda Taylor,54,Estonia
e3f28f0e-8609-4717-b7b2-ba6337b5d5b3,Mr. Jason Savage,68,Kenya
3fc748db-d258-4484-955a-77475b0bb2f2,Lisa Bonilla,58,Germany
0836c2a1-f8d9-4438-8672-a4ebf6087059,Alexander Campbell,53,Czech Republic
bc60c10d-f54b-462e-88e4-3b3c70eb0e60,Christopher Downs,68,Israel
0e428ecf-b9da-44ff-92ce-75e0dc87174c,Gwendolyn Maynard,19,Bulgaria
41be47aa-082e-4ca3-9727-25f0c3b624f8,Darlene Oliver,65,Burkina Faso
25debbfe-eae9-42d2-8780-ef9362479321,Mrs. Jennifer Jones,21,Costa Rica
0adb5621-33dc-488a-86a4-0ebbc693e181,Jessica Matthews,21,Swaziland
be552303-71ec-43cb-ae4d-373dbc9182dc,Barbara Morales,44,Saint Martin
ce4f0140-4f9e-4b72-bd20-4ee207063758,Joan Pruitt,57,Christmas Island
4f622c34-72d5-4cb1-9fe9-ac011d3940ad,Matthew Simpson,37,New Caledonia
22e5bb81-acf4-4af8-8376-5d83630e332a,Taylor Lawrence,46,Tunisia
4312e452-c451-4429-86b4-430ff4cc38f2,Emma Wilson,39,Croatia
9142ecfc-a049-41a4-9943-5e64ea18f090,Amy Juarez,59,Equatorial Guinea
f9576604-ceba-4e37-847a-36856413c128,Victoria Kelly,19,Malaysia
c815d1d9-62a9-4828-b15d-18acd87dc07d,Karen Villa,53,Portugal
6fa4c02e-2ab8-4328-8b51-8fed4533244d,Mary Stafford,42,Cyprus
dff8b24a-0aba-4263-8a97-9db098b68891,Timothy Thornton,24,Seychelles
022a1dd0-2be8-429e-964a-2109183f57a7,Evelyn Thompson,44,Kuwait
eb984f2f-d270-4036-a11b-cdc350416011,David Ellis,35,Faroe Islands
b493b122-0659-427f-9971-7abe8154a304,Randy Dunn,68,Grenada
